"id","description","user","status","title"
"016vn","Ipsa illo ut adipisci. Ut ut voluptas modi porro vel esse odit error sapiente. Eum qui quis culpa doloribus autem illum eveniet illo. Sit eius optio quo libero nihil dolores qui sunt. Dolore sapiente eligendi rerum non sint.","confidence@appsmith.com","todo","Shoes"
"1p4ca","Unde enim aut quae quis unde. Nihil quo architecto quibusdam doloribus. Debitis quod laudantium id minus accusantium. Odio hic impedit. Ratione laborum qui possimus ut eligendi eum et qui id. Autem mollitia ad laudantium pariatur magnam autem. Blanditiis expedita quisquam.","vihar@appsmith.com","in-progress","Lanka disintermediate Operative"
"45t9g","Cupiditate ipsam a nobis deleniti consequuntur et nulla adipisci rem. Qui sit quia accusamus. In omnis pariatur assumenda excepturi corporis animi ut rerum doloribus. Dolor in quae. Non dolores reprehenderit sit. Tempore deleniti accusantium delectus est.","confidence@appsmith.com","todo","hierarchy"
"4fybf","Sit ipsum velit placeat molestias. Neque id et. Et quam sit illum rerum. Odit consequuntur aliquid expedita voluptatibus eveniet quaerat perspiciatis. Adipisci et et perspiciatis omnis. Est et aut. Sint voluptates rem atque dolor perferendis.","vihar@appsmith.com","done","SCSI Soft Garden"
"53q8y","Dolorem nemo est et assumenda nihil in in qui. Quasi ut corrupti qui ullam officia quia.","vihar@appsmith.com","done","Dynamic Market Soft"
"5wr7x","Qui aut consequatur asperiores perspiciatis iusto vel asperiores assumenda temporibus. Deleniti voluptatem quia qui blanditiis architecto quae perspiciatis molestiae doloremque.","vihar@appsmith.com","todo","Music"
"7ik95","Dolorem qui molestiae porro est. Nihil commodi rem ipsa suscipit tempora. Omnis dignissimos aut fugit alias reiciendis debitis vitae inventore. Maxime at dignissimos non quis. Asperiores ex est quia aut sequi sed. Dolores ex et ad. Aut est voluptas sequi eligendi id consequatur officiis.","confidence@appsmith.com","todo","Plastic Norway Rustic"
"93ijm","Quo eum nulla delectus dolor aut commodi ipsa est quisquam. Dolores quia sit. Qui vel fugit harum. Quia est qui rerum illo eius deserunt quisquam blanditiis qui.","confidence@appsmith.com","in-progress","fresh-thinking Garden RAM"
"9mr2t","Dolore dolor possimus in sit laborum saepe aliquid voluptatem qui.","confidence@appsmith.com","done","Virgin Buckinghamshire Associate"
"eib0e","Accusantium reprehenderit cum. Ut ut illum praesentium ea nobis placeat. Illo ut similique quos fugit. Distinctio dolores itaque laboriosam aliquam praesentium assumenda occaecati illo.","confidence@appsmith.com","done","e-tailers Cotton"
"fd6wt","Iusto architecto magnam et quia sit ea. Dolor exercitationem possimus velit mollitia in. Ducimus ut est animi aliquid perferendis. Enim quaerat esse explicabo eos pariatur fuga. Quo deserunt consequuntur quibusdam. Recusandae laboriosam consequuntur repellendus maiores. A quia qui quia.","confidence@appsmith.com","in-progress","Buckinghamshire"
"g46mo","Cumque ut sit ex voluptatibus quod non aliquid et qui. Sed voluptas consequatur laborum. Molestias esse vitae aut qui est possimus. Sapiente repellat ipsa debitis. Illo cum ut. Deserunt ducimus dolor aperiam est aliquid magnam et. Ut dolor fugit rerum deleniti. Sequi et id eos voluptatem asperiores accusantium. Illum officia dolores.","confidence@appsmith.com","in-progress","Representative"
"lwapu","Porro minima omnis. Consequatur molestias ducimus dolor cum repudiandae. Minus sunt recusandae non praesentium. Labore ducimus beatae quaerat optio repellat. Dolorum dolore sunt rerum. Minima itaque debitis voluptas ut quia autem provident quaerat. Ad fugiat non doloribus laudantium recusandae vitae quibusdam tempore. Sed nesciunt quo ipsa eos eius. Omnis dolorem quia aperiam magni.","confidence@appsmith.com","in-progress","Home"
"q13u7","Blanditiis labore et fugit et commodi eum nam qui perferendis. Debitis molestiae eum eum. Aliquid ut alias perferendis illo corrupti. Ratione quasi ratione sit provident. Magnam doloribus incidunt expedita consequuntur. Corporis quae enim molestias quibusdam temporibus. Doloremque harum a sunt libero deleniti. Earum voluptas ducimus vel dignissimos perspiciatis occaecati repellat asperiores. Consequatur sit fugiat laborum dolorum voluptatem voluptas excepturi rerum voluptatem.","vihar@appsmith.com","todo","TCP Virtual"
"tz96m","Consequuntur porro cumque. Sed est inventore aspernatur esse ducimus dolorem ad. Quae ratione temporibus aut. Nihil libero omnis doloremque. Debitis sapiente aut totam qui nulla ea. Libero fuga incidunt ut laborum. Et dolorem quisquam saepe perspiciatis. Ut non adipisci omnis fugiat debitis. Ut dolor blanditiis. Tempora dolor beatae nulla quam in harum.","vihar@appsmith.com","done","attitude-oriented Reactive"
"ul9gg","Cum dolores illum corrupti est sed nihil id repellat. Rerum consequatur nesciunt ipsam incidunt molestias sit quis quam. Officiis nemo quia libero. Placeat molestias harum. Corrupti iste mollitia asperiores beatae dolorum voluptate.","vihar@appsmith.com","done","Syrian User Corporate"
"un8hz","Fuga beatae quas totam repellendus in iusto sit reprehenderit. Omnis ullam occaecati aut voluptatem porro. Corporis et delectus praesentium suscipit earum at quis. Magni possimus et facere aut labore. Itaque repellat et odit. Perferendis eum quia delectus. Non perspiciatis nesciunt sed ea at incidunt provident. Corrupti rem dolorem corrupti rerum odit. Non voluptas numquam consequatur at et itaque dolorum et. Expedita perferendis magni dolores molestias minima dolor quasi.","confidence@appsmith.com","done","indexing Small"
"w39c6","Provident at similique perferendis amet facilis tenetur nobis. Aut rerum dolorem aut placeat ducimus occaecati.","confidence@appsmith.com","in-progress","input"
"x6h71","Ut et minus aliquam sapiente. Magni repudiandae unde incidunt voluptas dolores molestias. Nostrum non aliquid commodi qui voluptatum. Molestiae aut nihil. Impedit aut iusto enim similique excepturi odit dicta est. Est unde velit atque temporibus cupiditate. Repudiandae vel optio. Doloremque corrupti perspiciatis deserunt. Animi aperiam facilis.","vihar@appsmith.com","todo","architect maximized Hill"
"ziik9","Recusandae odit beatae et et qui voluptas. Iure cumque voluptatem libero ratione at.","vihar@appsmith.com","todo","monitor"
